filters,kernel,reg_type,l1_value,l2_value,mapes_train,mapes_test
16,7,l1,0.0,,"{'Prévision globale': {'avg_mape': 5.136993765882171, 'max_mape': 416.4972262912326}}","{'Prévision globale': {'avg_mape': 11.353051826837229, 'max_mape': 28.55449542027045}, 'Prévision journalière': {'avg_mape': 8.194312446740998, 'max_mape': 23.303005059749793}, 'Prévision hebdomadaire': {'avg_mape': 53.69080849220684, 'max_mape': 100.0}}"
16,7,l1,0.1,,"{'Prévision globale': {'avg_mape': 9.692724484437296, 'max_mape': 1337.7242024739583}}","{'Prévision globale': {'avg_mape': 9.95568285847363, 'max_mape': 20.844555587749795}, 'Prévision journalière': {'avg_mape': 11.853798094860565, 'max_mape': 27.035998030134305}, 'Prévision hebdomadaire': {'avg_mape': 55.760284269018086, 'max_mape': 100.0}}"
16,7,l1,0.01,,"{'Prévision globale': {'avg_mape': 6.954629289926627, 'max_mape': 414.72784223132254}}","{'Prévision globale': {'avg_mape': 9.635186783111955, 'max_mape': 21.761702707905545}, 'Prévision journalière': {'avg_mape': 9.820297036298694, 'max_mape': 18.932697661469934}, 'Prévision hebdomadaire': {'avg_mape': 54.14770230969168, 'max_mape': 100.0}}"
16,7,l1,0.001,,"{'Prévision globale': {'avg_mape': 10.511226419168512, 'max_mape': 1418.662109375}}","{'Prévision globale': {'avg_mape': 14.820583065787932, 'max_mape': 39.811995246956585}, 'Prévision journalière': {'avg_mape': 12.919460906373981, 'max_mape': 35.80911732511642}, 'Prévision hebdomadaire': {'avg_mape': 57.365558277414166, 'max_mape': 100.0}}"
16,7,l1,0.0001,,"{'Prévision globale': {'avg_mape': 5.97072291619302, 'max_mape': 168.6522712688644}}","{'Prévision globale': {'avg_mape': 12.857595021333632, 'max_mape': 27.40093218742149}, 'Prévision journalière': {'avg_mape': 13.16482820700621, 'max_mape': 33.78766524515759}, 'Prévision hebdomadaire': {'avg_mape': 58.02619829849037, 'max_mape': 100.0}}"
16,7,l2,,0.0,"{'Prévision globale': {'avg_mape': 9.484332944676927, 'max_mape': 561.968321219173}}","{'Prévision globale': {'avg_mape': 11.894109063984594, 'max_mape': 26.73851425329951}, 'Prévision journalière': {'avg_mape': 16.43805595522998, 'max_mape': 35.21160633689343}, 'Prévision hebdomadaire': {'avg_mape': 58.50546599900882, 'max_mape': 100.0}}"
16,7,l2,,0.1,"{'Prévision globale': {'avg_mape': 10.681678043565228, 'max_mape': 930.9648980034723}}","{'Prévision globale': {'avg_mape': 19.95145139192996, 'max_mape': 39.60514194791056}, 'Prévision journalière': {'avg_mape': 11.243981243692874, 'max_mape': 29.321514570821478}, 'Prévision hebdomadaire': {'avg_mape': 58.34090433956034, 'max_mape': 100.0}}"
16,7,l2,,0.01,"{'Prévision globale': {'avg_mape': 6.59755282099078, 'max_mape': 933.0628119574653}}","{'Prévision globale': {'avg_mape': 13.385411797769944, 'max_mape': 32.64316468672075}, 'Prévision journalière': {'avg_mape': 11.233508959960691, 'max_mape': 39.34274186744955}, 'Prévision hebdomadaire': {'avg_mape': 58.229366708546785, 'max_mape': 100.0}}"
16,7,l2,,0.001,"{'Prévision globale': {'avg_mape': 5.8534358043897745, 'max_mape': 202.6129190964803}}","{'Prévision globale': {'avg_mape': 11.580500691807018, 'max_mape': 26.914206563889792}, 'Prévision journalière': {'avg_mape': 13.993903392980844, 'max_mape': 46.76474538853175}, 'Prévision hebdomadaire': {'avg_mape': 58.427290116953486, 'max_mape': 100.0}}"
16,7,l2,,0.0001,"{'Prévision globale': {'avg_mape': 8.787650976631985, 'max_mape': 596.5247260199652}}","{'Prévision globale': {'avg_mape': 9.009679399349462, 'max_mape': 32.61313393761073}, 'Prévision journalière': {'avg_mape': 15.382014484992308, 'max_mape': 36.57137256824931}, 'Prévision hebdomadaire': {'avg_mape': 60.04373377659948, 'max_mape': 100.0}}"
16,7,l1_l2,0.0,0.0,"{'Prévision globale': {'avg_mape': 10.973932727528835, 'max_mape': 1925.600857204861}}","{'Prévision globale': {'avg_mape': 9.86665318127536, 'max_mape': 35.08913416466978}, 'Prévision journalière': {'avg_mape': 15.320914981545803, 'max_mape': 34.83111143450091}, 'Prévision hebdomadaire': {'avg_mape': 58.74226535473865, 'max_mape': 100.0}}"
16,7,l1_l2,0.0,0.1,"{'Prévision globale': {'avg_mape': 7.520898387685662, 'max_mape': 848.5120307074652}}","{'Prévision globale': {'avg_mape': 6.604066705354138, 'max_mape': 15.472956264341633}, 'Prévision journalière': {'avg_mape': 8.475091147123173, 'max_mape': 20.635280794645116}, 'Prévision hebdomadaire': {'avg_mape': 55.11892794390552, 'max_mape': 100.0}}"
16,7,l1_l2,0.0,0.01,"{'Prévision globale': {'avg_mape': 5.780086093435646, 'max_mape': 203.34404183540863}}","{'Prévision globale': {'avg_mape': 8.823908555210146, 'max_mape': 20.101789953982106}, 'Prévision journalière': {'avg_mape': 14.12273355002505, 'max_mape': 40.53007235143754}, 'Prévision hebdomadaire': {'avg_mape': 59.984045641958765, 'max_mape': 100.0}}"
16,7,l1_l2,0.0,0.001,"{'Prévision globale': {'avg_mape': 6.624882366433837, 'max_mape': 268.592146794155}}","{'Prévision globale': {'avg_mape': 9.840241442569939, 'max_mape': 18.838353267545468}, 'Prévision journalière': {'avg_mape': 11.6361768326848, 'max_mape': 33.69337690659378}, 'Prévision hebdomadaire': {'avg_mape': 59.45279150692299, 'max_mape': 100.0}}"
16,7,l1_l2,0.0,0.0001,"{'Prévision globale': {'avg_mape': 5.819325162522701, 'max_mape': 708.8419596354167}}","{'Prévision globale': {'avg_mape': 10.178821971445636, 'max_mape': 24.0889992809309}, 'Prévision journalière': {'avg_mape': 12.06289598645862, 'max_mape': 31.146583369187418}, 'Prévision hebdomadaire': {'avg_mape': 56.92650207377183, 'max_mape': 100.0}}"
16,7,l1_l2,0.1,0.0,"{'Prévision globale': {'avg_mape': 8.516834103164493, 'max_mape': 1472.3200141059028}}","{'Prévision globale': {'avg_mape': 6.152316712360874, 'max_mape': 13.315892984255925}, 'Prévision journalière': {'avg_mape': 12.681857933379554, 'max_mape': 33.01026428679894}, 'Prévision hebdomadaire': {'avg_mape': 55.29303393661657, 'max_mape': 100.0}}"
16,7,l1_l2,0.1,0.1,"{'Prévision globale': {'avg_mape': 8.138222798400953, 'max_mape': 827.54150390625}}","{'Prévision globale': {'avg_mape': 3.961365139396115, 'max_mape': 10.116476436709126}, 'Prévision journalière': {'avg_mape': 13.287133072199463, 'max_mape': 38.877409869153674}, 'Prévision hebdomadaire': {'avg_mape': 56.711622408042444, 'max_mape': 100.0}}"
16,7,l1_l2,0.1,0.01,"{'Prévision globale': {'avg_mape': 9.120301436986646, 'max_mape': 936.3077799479166}}","{'Prévision globale': {'avg_mape': 8.866163406544796, 'max_mape': 21.50533488357378}, 'Prévision journalière': {'avg_mape': 15.244938776824771, 'max_mape': 23.662128488391712}, 'Prévision hebdomadaire': {'avg_mape': 55.78014699728332, 'max_mape': 100.0}}"
16,7,l1_l2,0.1,0.001,"{'Prévision globale': {'avg_mape': 7.947383186348504, 'max_mape': 827.6297336154514}}","{'Prévision globale': {'avg_mape': 13.403419503831515, 'max_mape': 30.92658369797337}, 'Prévision journalière': {'avg_mape': 12.813460658624203, 'max_mape': 23.29506568679557}, 'Prévision hebdomadaire': {'avg_mape': 56.27060383877301, 'max_mape': 100.0}}"
16,7,l1_l2,0.1,0.0001,"{'Prévision globale': {'avg_mape': 6.9045183982230105, 'max_mape': 116.0717699262831}}","{'Prévision globale': {'avg_mape': 9.140473681843645, 'max_mape': 15.810940347236283}, 'Prévision journalière': {'avg_mape': 10.321693211280747, 'max_mape': 25.809392821590066}, 'Prévision hebdomadaire': {'avg_mape': 55.09751176376825, 'max_mape': 100.0}}"
16,7,l1_l2,0.01,0.0,"{'Prévision globale': {'avg_mape': 7.579512306046196, 'max_mape': 454.13926866319446}}","{'Prévision globale': {'avg_mape': 9.930899797826065, 'max_mape': 20.69875375926703}, 'Prévision journalière': {'avg_mape': 8.43134653717383, 'max_mape': 32.15808383107242}, 'Prévision hebdomadaire': {'avg_mape': 55.37987578575927, 'max_mape': 100.0}}"
16,7,l1_l2,0.01,0.1,"{'Prévision globale': {'avg_mape': 8.511120114367948, 'max_mape': 915.3870985243057}}","{'Prévision globale': {'avg_mape': 13.782554709776287, 'max_mape': 30.529964791205703}, 'Prévision journalière': {'avg_mape': 14.075084107360004, 'max_mape': 20.294019327461697}, 'Prévision hebdomadaire': {'avg_mape': 54.8733470666816, 'max_mape': 100.0}}"
16,7,l1_l2,0.01,0.01,"{'Prévision globale': {'avg_mape': 7.588612192013336, 'max_mape': 612.7444118923611}}","{'Prévision globale': {'avg_mape': 7.838138275890979, 'max_mape': 18.975985231812796}, 'Prévision journalière': {'avg_mape': 12.8447783156544, 'max_mape': 30.221936795572653}, 'Prévision hebdomadaire': {'avg_mape': 57.00159897237434, 'max_mape': 100.0}}"
16,7,l1_l2,0.01,0.001,"{'Prévision globale': {'avg_mape': 8.921113638553047, 'max_mape': 2285.280219184028}}","{'Prévision globale': {'avg_mape': 9.53199297132362, 'max_mape': 19.243432867801513}, 'Prévision journalière': {'avg_mape': 12.34978393506214, 'max_mape': 32.829181377387464}, 'Prévision hebdomadaire': {'avg_mape': 60.37957139803334, 'max_mape': 100.0}}"
16,7,l1_l2,0.01,0.0001,"{'Prévision globale': {'avg_mape': 5.489630750228393, 'max_mape': 361.83831108940973}}","{'Prévision globale': {'avg_mape': 9.811360954318385, 'max_mape': 20.840714606556173}, 'Prévision journalière': {'avg_mape': 14.187765708393233, 'max_mape': 31.529536649203614}, 'Prévision hebdomadaire': {'avg_mape': 57.999222724971574, 'max_mape': 100.0}}"
16,7,l1_l2,0.001,0.0,"{'Prévision globale': {'avg_mape': 6.119653170735651, 'max_mape': 1150.578138563368}}","{'Prévision globale': {'avg_mape': 10.838960872424817, 'max_mape': 20.663993748166618}, 'Prévision journalière': {'avg_mape': 13.862977976777074, 'max_mape': 40.21074030252413}, 'Prévision hebdomadaire': {'avg_mape': 58.674280595091545, 'max_mape': 100.0}}"
16,7,l1_l2,0.001,0.1,"{'Prévision globale': {'avg_mape': 6.418650174227815, 'max_mape': 367.791985405816}}","{'Prévision globale': {'avg_mape': 11.915891165044023, 'max_mape': 36.317068032409345}, 'Prévision journalière': {'avg_mape': 14.578533146379257, 'max_mape': 39.189992913545254}, 'Prévision hebdomadaire': {'avg_mape': 59.99974606876159, 'max_mape': 100.0}}"
16,7,l1_l2,0.001,0.01,"{'Prévision globale': {'avg_mape': 6.212901096575716, 'max_mape': 790.6694878472222}}","{'Prévision globale': {'avg_mape': 12.795492616231527, 'max_mape': 40.96787911966229}, 'Prévision journalière': {'avg_mape': 16.188415380951216, 'max_mape': 26.965006161453736}, 'Prévision hebdomadaire': {'avg_mape': 57.69779130625218, 'max_mape': 100.0}}"
16,7,l1_l2,0.001,0.001,"{'Prévision globale': {'avg_mape': 7.878816633555321, 'max_mape': 873.0292426215278}}","{'Prévision globale': {'avg_mape': 12.863294068597614, 'max_mape': 29.629802058372217}, 'Prévision journalière': {'avg_mape': 14.188069071615962, 'max_mape': 31.749630650182226}, 'Prévision hebdomadaire': {'avg_mape': 57.307938303785136, 'max_mape': 100.0}}"
16,7,l1_l2,0.001,0.0001,"{'Prévision globale': {'avg_mape': 5.130100862818087, 'max_mape': 400.8047485351563}}","{'Prévision globale': {'avg_mape': 5.95695676449196, 'max_mape': 11.857169225837643}, 'Prévision journalière': {'avg_mape': 14.19177604052263, 'max_mape': 25.517399513649863}, 'Prévision hebdomadaire': {'avg_mape': 56.88012607298778, 'max_mape': 100.0}}"
16,7,l1_l2,0.0001,0.0,"{'Prévision globale': {'avg_mape': 7.12585147027355, 'max_mape': 884.8001437717014}}","{'Prévision globale': {'avg_mape': 9.378585913734069, 'max_mape': 28.091498083667787}, 'Prévision journalière': {'avg_mape': 14.172789802399791, 'max_mape': 39.2307769369643}, 'Prévision hebdomadaire': {'avg_mape': 58.58750220088639, 'max_mape': 100.0}}"
16,7,l1_l2,0.0001,0.1,"{'Prévision globale': {'avg_mape': 6.949434202803489, 'max_mape': 1068.171115451389}}","{'Prévision globale': {'avg_mape': 9.239072286539947, 'max_mape': 25.773686645785876}, 'Prévision journalière': {'avg_mape': 14.683188606671077, 'max_mape': 38.67010244919912}, 'Prévision hebdomadaire': {'avg_mape': 60.731265653808904, 'max_mape': 100.0}}"
16,7,l1_l2,0.0001,0.01,"{'Prévision globale': {'avg_mape': 6.2999472710491204, 'max_mape': 1400.9427897135417}}","{'Prévision globale': {'avg_mape': 9.508774187418897, 'max_mape': 27.84990672667938}, 'Prévision journalière': {'avg_mape': 11.99619289780466, 'max_mape': 19.13794912516029}, 'Prévision hebdomadaire': {'avg_mape': 55.37665909817322, 'max_mape': 100.0}}"
16,7,l1_l2,0.0001,0.001,"{'Prévision globale': {'avg_mape': 7.303723836745283, 'max_mape': 453.6191134982639}}","{'Prévision globale': {'avg_mape': 9.672008742229917, 'max_mape': 23.622181499713168}, 'Prévision journalière': {'avg_mape': 13.289645808046089, 'max_mape': 32.7837790274614}, 'Prévision hebdomadaire': {'avg_mape': 57.44988948895447, 'max_mape': 100.0}}"
16,7,l1_l2,0.0001,0.0001,"{'Prévision globale': {'avg_mape': 7.717598930309266, 'max_mape': 1143.8481987847222}}","{'Prévision globale': {'avg_mape': 6.289315281243249, 'max_mape': 15.322639912487759}, 'Prévision journalière': {'avg_mape': 10.819783914291461, 'max_mape': 39.052257858372144}, 'Prévision hebdomadaire': {'avg_mape': 56.314748424440474, 'max_mape': 100.0}}"
16,14,l1,0.0,,"{'Prévision globale': {'avg_mape': 7.2286626574839365, 'max_mape': 1050.4193115234375}}","{'Prévision globale': {'avg_mape': 9.939188695354911, 'max_mape': 24.70801639277579}, 'Prévision journalière': {'avg_mape': 10.913105690174305, 'max_mape': 27.430425936002568}, 'Prévision hebdomadaire': {'avg_mape': 56.18638281594964, 'max_mape': 100.0}}"
16,14,l1,0.1,,"{'Prévision globale': {'avg_mape': 9.414299715521537, 'max_mape': 823.2493760850695}}","{'Prévision globale': {'avg_mape': 8.194868311372726, 'max_mape': 13.093853080498752}, 'Prévision journalière': {'avg_mape': 12.062078305510758, 'max_mape': 20.100730210653303}, 'Prévision hebdomadaire': {'avg_mape': 57.417965568571105, 'max_mape': 100.0}}"
16,14,l1,0.01,,"{'Prévision globale': {'avg_mape': 6.72720431538802, 'max_mape': 1606.3540310329863}}","{'Prévision globale': {'avg_mape': 11.249035920276047, 'max_mape': 30.2946272951386}, 'Prévision journalière': {'avg_mape': 15.314303360055039, 'max_mape': 35.66881650537015}, 'Prévision hebdomadaire': {'avg_mape': 55.48722310288743, 'max_mape': 100.0}}"
16,14,l1,0.001,,"{'Prévision globale': {'avg_mape': 7.651079092826611, 'max_mape': 2018.266330295139}}","{'Prévision globale': {'avg_mape': 8.678427677029017, 'max_mape': 22.69145032543794}, 'Prévision journalière': {'avg_mape': 13.336605565586321, 'max_mape': 24.56775889693387}, 'Prévision hebdomadaire': {'avg_mape': 54.61450992672153, 'max_mape': 100.0}}"
16,14,l1,0.0001,,"{'Prévision globale': {'avg_mape': 9.255674725257514, 'max_mape': 982.8782145182291}}","{'Prévision globale': {'avg_mape': 7.889604695192441, 'max_mape': 21.789776322450013}, 'Prévision journalière': {'avg_mape': 15.323688042965907, 'max_mape': 31.130070218861132}, 'Prévision hebdomadaire': {'avg_mape': 55.09169816565795, 'max_mape': 100.0}}"
16,14,l2,,0.0,"{'Prévision globale': {'avg_mape': 7.755171249190322, 'max_mape': 1814.869656032986}}","{'Prévision globale': {'avg_mape': 13.113639531171193, 'max_mape': 27.29533561816745}, 'Prévision journalière': {'avg_mape': 12.55754996142061, 'max_mape': 27.556888142288514}, 'Prévision hebdomadaire': {'avg_mape': 55.23395609347044, 'max_mape': 100.0}}"
16,14,l2,,0.1,"{'Prévision globale': {'avg_mape': 9.2222346668848, 'max_mape': 872.18994140625}}","{'Prévision globale': {'avg_mape': 7.725113162563298, 'max_mape': 19.13995615094174}, 'Prévision journalière': {'avg_mape': 12.492995754517828, 'max_mape': 23.42992828566097}, 'Prévision hebdomadaire': {'avg_mape': 57.258333663703944, 'max_mape': 100.0}}"
16,14,l2,,0.01,"{'Prévision globale': {'avg_mape': 5.817992045942809, 'max_mape': 1140.8245171440972}}","{'Prévision globale': {'avg_mape': 10.257969733571901, 'max_mape': 27.79709928770293}, 'Prévision journalière': {'avg_mape': 21.55217276234303, 'max_mape': 56.113349947135916}, 'Prévision hebdomadaire': {'avg_mape': 61.50566840941339, 'max_mape': 100.0}}"
16,14,l2,,0.001,"{'Prévision globale': {'avg_mape': 7.716984574435472, 'max_mape': 2105.867377387153}}","{'Prévision globale': {'avg_mape': 10.388425956824909, 'max_mape': 32.226836899613645}, 'Prévision journalière': {'avg_mape': 12.96710473155404, 'max_mape': 29.32512986561045}, 'Prévision hebdomadaire': {'avg_mape': 56.09316012808082, 'max_mape': 100.0}}"
16,14,l2,,0.0001,"{'Prévision globale': {'avg_mape': 7.591537736688958, 'max_mape': 496.5713840060764}}","{'Prévision globale': {'avg_mape': 9.151301622751696, 'max_mape': 22.338340897616014}, 'Prévision journalière': {'avg_mape': 10.374816160335966, 'max_mape': 21.367037325115927}, 'Prévision hebdomadaire': {'avg_mape': 55.47576540920951, 'max_mape': 100.0}}"
16,14,l1_l2,0.0,0.0,"{'Prévision globale': {'avg_mape': 6.671397607392707, 'max_mape': 1198.5611979166667}}","{'Prévision globale': {'avg_mape': 7.777966003398103, 'max_mape': 18.45811895465204}, 'Prévision journalière': {'avg_mape': 13.50377958827533, 'max_mape': 29.042990013399212}, 'Prévision hebdomadaire': {'avg_mape': 55.9357175219189, 'max_mape': 100.0}}"
16,14,l1_l2,0.0,0.1,"{'Prévision globale': {'avg_mape': 10.916204356930574, 'max_mape': 931.4048936631945}}","{'Prévision globale': {'avg_mape': 18.723134334291075, 'max_mape': 38.44357452144707}, 'Prévision journalière': {'avg_mape': 12.894169520897696, 'max_mape': 37.71941783429989}, 'Prévision hebdomadaire': {'avg_mape': 60.09340834467156, 'max_mape': 100.0}}"
16,14,l1_l2,0.0,0.01,"{'Prévision globale': {'avg_mape': 5.647617925758305, 'max_mape': 1363.547092013889}}","{'Prévision globale': {'avg_mape': 7.712050326588529, 'max_mape': 19.05744128688887}, 'Prévision journalière': {'avg_mape': 14.881338231250515, 'max_mape': 22.331991340235323}, 'Prévision hebdomadaire': {'avg_mape': 54.15263820133019, 'max_mape': 100.0}}"
16,14,l1_l2,0.0,0.001,"{'Prévision globale': {'avg_mape': 5.596546694541582, 'max_mape': 1420.823025173611}}","{'Prévision globale': {'avg_mape': 11.26592830056904, 'max_mape': 35.736021114228286}, 'Prévision journalière': {'avg_mape': 12.210175323867935, 'max_mape': 42.54287726935277}, 'Prévision hebdomadaire': {'avg_mape': 58.32762107652619, 'max_mape': 100.0}}"
16,14,l1_l2,0.0,0.0001,"{'Prévision globale': {'avg_mape': 7.932740907033463, 'max_mape': 937.8948296440973}}","{'Prévision globale': {'avg_mape': 9.62803738698516, 'max_mape': 19.043556136672958}, 'Prévision journalière': {'avg_mape': 13.293953391266495, 'max_mape': 37.08542394293717}, 'Prévision hebdomadaire': {'avg_mape': 56.11643437215582, 'max_mape': 100.0}}"
16,14,l1_l2,0.1,0.0,"{'Prévision globale': {'avg_mape': 7.62388584695383, 'max_mape': 421.8514831661025}}","{'Prévision globale': {'avg_mape': 8.70133781434553, 'max_mape': 26.205143871804605}, 'Prévision journalière': {'avg_mape': 15.340906954244437, 'max_mape': 35.233959545892304}, 'Prévision hebdomadaire': {'avg_mape': 56.22830211509112, 'max_mape': 100.0}}"
16,14,l1_l2,0.1,0.1,"{'Prévision globale': {'avg_mape': 9.18635672763044, 'max_mape': 793.4461805555555}}","{'Prévision globale': {'avg_mape': 5.719792738161674, 'max_mape': 10.746670692468467}, 'Prévision journalière': {'avg_mape': 12.966279450735925, 'max_mape': 24.46007304742863}, 'Prévision hebdomadaire': {'avg_mape': 55.25174809023257, 'max_mape': 100.0}}"
16,14,l1_l2,0.1,0.01,"{'Prévision globale': {'avg_mape': 9.77412462518431, 'max_mape': 1343.9990234375}}","{'Prévision globale': {'avg_mape': 8.61920187512256, 'max_mape': 22.119001281446195}, 'Prévision journalière': {'avg_mape': 16.002530151190854, 'max_mape': 31.114202647297024}, 'Prévision hebdomadaire': {'avg_mape': 57.17153486380653, 'max_mape': 100.0}}"
16,14,l1_l2,0.1,0.001,"{'Prévision globale': {'avg_mape': 9.386890931945372, 'max_mape': 1334.1423882378472}}","{'Prévision globale': {'avg_mape': 7.581802348303986, 'max_mape': 19.370171572732602}, 'Prévision journalière': {'avg_mape': 11.72552461326549, 'max_mape': 27.65728212315246}, 'Prévision hebdomadaire': {'avg_mape': 56.54411346453179, 'max_mape': 100.0}}"
16,14,l1_l2,0.1,0.0001,"{'Prévision globale': {'avg_mape': 7.945054915525223, 'max_mape': 326.5799967447917}}","{'Prévision globale': {'avg_mape': 12.177924313214087, 'max_mape': 24.92818298071282}, 'Prévision journalière': {'avg_mape': 16.03826450735479, 'max_mape': 26.35177404909915}, 'Prévision hebdomadaire': {'avg_mape': 56.50392882362752, 'max_mape': 100.0}}"
16,14,l1_l2,0.01,0.0,"{'Prévision globale': {'avg_mape': 8.298464738696563, 'max_mape': 1467.1553548177083}}","{'Prévision globale': {'avg_mape': 8.563368224227652, 'max_mape': 27.256803205336805}, 'Prévision journalière': {'avg_mape': 9.038995076419724, 'max_mape': 21.604584576017597}, 'Prévision hebdomadaire': {'avg_mape': 56.300841426399394, 'max_mape': 100.0}}"
16,14,l1_l2,0.01,0.1,"{'Prévision globale': {'avg_mape': 8.993922516811752, 'max_mape': 1035.5299207899304}}","{'Prévision globale': {'avg_mape': 9.36610976154234, 'max_mape': 23.931010277535574}, 'Prévision journalière': {'avg_mape': 13.980033969821207, 'max_mape': 29.509439856998227}, 'Prévision hebdomadaire': {'avg_mape': 55.85204513357587, 'max_mape': 100.0}}"
16,14,l1_l2,0.01,0.01,"{'Prévision globale': {'avg_mape': 6.166620239950567, 'max_mape': 1499.4837782118057}}","{'Prévision globale': {'avg_mape': 11.052799782192864, 'max_mape': 33.26320136541248}, 'Prévision journalière': {'avg_mape': 12.189407176949782, 'max_mape': 25.01436799790781}, 'Prévision hebdomadaire': {'avg_mape': 55.63230924427087, 'max_mape': 100.0}}"
16,14,l1_l2,0.01,0.001,"{'Prévision globale': {'avg_mape': 8.85115939687007, 'max_mape': 231.8090565999349}}","{'Prévision globale': {'avg_mape': 15.774301626111614, 'max_mape': 39.53335344087597}, 'Prévision journalière': {'avg_mape': 16.3235750754595, 'max_mape': 29.752709619862323}, 'Prévision hebdomadaire': {'avg_mape': 57.58076659724461, 'max_mape': 100.0}}"
16,14,l1_l2,0.01,0.0001,"{'Prévision globale': {'avg_mape': 6.091403671471564, 'max_mape': 247.23189043076655}}","{'Prévision globale': {'avg_mape': 9.755744470155417, 'max_mape': 27.149482669396534}, 'Prévision journalière': {'avg_mape': 14.691904870760677, 'max_mape': 31.54525865453061}, 'Prévision hebdomadaire': {'avg_mape': 59.61297011855339, 'max_mape': 100.0}}"
16,14,l1_l2,0.001,0.0,"{'Prévision globale': {'avg_mape': 5.725236042062344, 'max_mape': 836.6959635416666}}","{'Prévision globale': {'avg_mape': 10.51049464029416, 'max_mape': 21.599534320915225}, 'Prévision journalière': {'avg_mape': 11.95807154980672, 'max_mape': 31.02143678924546}, 'Prévision hebdomadaire': {'avg_mape': 58.39300734242651, 'max_mape': 100.0}}"
16,14,l1_l2,0.001,0.1,"{'Prévision globale': {'avg_mape': 6.428634451991846, 'max_mape': 1077.498779296875}}","{'Prévision globale': {'avg_mape': 8.590945418626266, 'max_mape': 24.412081677788997}, 'Prévision journalière': {'avg_mape': 14.80767368454698, 'max_mape': 43.831482366116624}, 'Prévision hebdomadaire': {'avg_mape': 63.87940137839236, 'max_mape': 100.0}}"
16,14,l1_l2,0.001,0.01,"{'Prévision globale': {'avg_mape': 6.417610907645977, 'max_mape': 1734.5674641927083}}","{'Prévision globale': {'avg_mape': 6.864141064049631, 'max_mape': 20.638232691994794}, 'Prévision journalière': {'avg_mape': 15.089812352168575, 'max_mape': 31.072377012498954}, 'Prévision hebdomadaire': {'avg_mape': 54.381628704473826, 'max_mape': 100.0}}"
16,14,l1_l2,0.001,0.001,"{'Prévision globale': {'avg_mape': 6.719602512362403, 'max_mape': 1411.7247178819443}}","{'Prévision globale': {'avg_mape': 7.873727428688566, 'max_mape': 17.121472592966587}, 'Prévision journalière': {'avg_mape': 11.714752591103835, 'max_mape': 26.782085488024453}, 'Prévision hebdomadaire': {'avg_mape': 56.296978380322415, 'max_mape': 100.0}}"
16,14,l1_l2,0.001,0.0001,"{'Prévision globale': {'avg_mape': 6.114966657638903, 'max_mape': 1345.020480685764}}","{'Prévision globale': {'avg_mape': 10.387857620283754, 'max_mape': 24.445303340381876}, 'Prévision journalière': {'avg_mape': 13.752028446641797, 'max_mape': 34.089248203077545}, 'Prévision hebdomadaire': {'avg_mape': 56.358769897691715, 'max_mape': 100.0}}"
16,14,l1_l2,0.0001,0.0,"{'Prévision globale': {'avg_mape': 6.63363429406858, 'max_mape': 1701.103244357639}}","{'Prévision globale': {'avg_mape': 6.0692110018136525, 'max_mape': 16.868214873268975}, 'Prévision journalière': {'avg_mape': 14.806840208090069, 'max_mape': 41.000235424259294}, 'Prévision hebdomadaire': {'avg_mape': 59.538125553690634, 'max_mape': 100.0}}"
16,14,l1_l2,0.0001,0.1,"{'Prévision globale': {'avg_mape': 6.326351080270214, 'max_mape': 978.5590277777778}}","{'Prévision globale': {'avg_mape': 5.419553691344822, 'max_mape': 20.71273442079809}, 'Prévision journalière': {'avg_mape': 11.36544069380605, 'max_mape': 27.556851135941823}, 'Prévision hebdomadaire': {'avg_mape': 55.59395607614307, 'max_mape': 100.0}}"
16,14,l1_l2,0.0001,0.01,"{'Prévision globale': {'avg_mape': 5.640516928627115, 'max_mape': 606.5013631184896}}","{'Prévision globale': {'avg_mape': 18.416085490816307, 'max_mape': 38.09350921433903}, 'Prévision journalière': {'avg_mape': 11.286636277598777, 'max_mape': 33.814964441182426}, 'Prévision hebdomadaire': {'avg_mape': 60.80683296729295, 'max_mape': 100.0}}"
16,14,l1_l2,0.0001,0.001,"{'Prévision globale': {'avg_mape': 6.791213207812666, 'max_mape': 1774.3519422743057}}","{'Prévision globale': {'avg_mape': 10.366452026475244, 'max_mape': 28.120463831386928}, 'Prévision journalière': {'avg_mape': 13.046612353276377, 'max_mape': 30.568083464403223}, 'Prévision hebdomadaire': {'avg_mape': 56.59278700361331, 'max_mape': 100.0}}"
16,14,l1_l2,0.0001,0.0001,"{'Prévision globale': {'avg_mape': 7.885989050613273, 'max_mape': 287.68488566080725}}","{'Prévision globale': {'avg_mape': 13.937663117334461, 'max_mape': 26.37749463548755}, 'Prévision journalière': {'avg_mape': 14.594828984305462, 'max_mape': 37.09543540569953}, 'Prévision hebdomadaire': {'avg_mape': 58.43021622151565, 'max_mape': 100.0}}"
16,21,l1,0.0,,"{'Prévision globale': {'avg_mape': 5.6898246955945915, 'max_mape': 924.058091905382}}","{'Prévision globale': {'avg_mape': 9.263792193974577, 'max_mape': 29.228566646178162}, 'Prévision journalière': {'avg_mape': 15.585977033808032, 'max_mape': 39.29692904476278}, 'Prévision hebdomadaire': {'avg_mape': 59.51602065474192, 'max_mape': 100.0}}"
16,21,l1,0.1,,"{'Prévision globale': {'avg_mape': 7.741498744557184, 'max_mape': 547.9817369249132}}","{'Prévision globale': {'avg_mape': 9.853823018734001, 'max_mape': 37.539582144268344}, 'Prévision journalière': {'avg_mape': 12.781500680021178, 'max_mape': 25.33260863307093}, 'Prévision hebdomadaire': {'avg_mape': 56.68222600263234, 'max_mape': 100.0}}"
16,21,l1,0.01,,"{'Prévision globale': {'avg_mape': 6.335224273023796, 'max_mape': 1103.3841959635417}}","{'Prévision globale': {'avg_mape': 11.591692890635716, 'max_mape': 25.99619843134997}, 'Prévision journalière': {'avg_mape': 12.302448988198803, 'max_mape': 33.09299890961396}, 'Prévision hebdomadaire': {'avg_mape': 58.09002397458729, 'max_mape': 100.0}}"
16,21,l1,0.001,,"{'Prévision globale': {'avg_mape': 8.006681739388773, 'max_mape': 2165.8700900607637}}","{'Prévision globale': {'avg_mape': 10.762146121117663, 'max_mape': 24.32133337957275}, 'Prévision journalière': {'avg_mape': 14.570654738934383, 'max_mape': 40.934946714500235}, 'Prévision hebdomadaire': {'avg_mape': 60.275803812767435, 'max_mape': 100.0}}"
16,21,l1,0.0001,,"{'Prévision globale': {'avg_mape': 6.2261566046385965, 'max_mape': 1528.9317491319443}}","{'Prévision globale': {'avg_mape': 5.967118933646385, 'max_mape': 16.347820032269393}, 'Prévision journalière': {'avg_mape': 12.287097894753071, 'max_mape': 30.723969067505514}, 'Prévision hebdomadaire': {'avg_mape': 57.69727431441779, 'max_mape': 100.0}}"
16,21,l2,,0.0,"{'Prévision globale': {'avg_mape': 6.484021244640729, 'max_mape': 1835.9526909722224}}","{'Prévision globale': {'avg_mape': 14.678199409588123, 'max_mape': 37.48573979507837}, 'Prévision journalière': {'avg_mape': 12.136868613789375, 'max_mape': 26.760693695943278}, 'Prévision hebdomadaire': {'avg_mape': 58.04359960947001, 'max_mape': 100.0}}"
16,21,l2,,0.1,"{'Prévision globale': {'avg_mape': 6.2075708711507325, 'max_mape': 202.25837161508707}}","{'Prévision globale': {'avg_mape': 8.234022818242877, 'max_mape': 20.21298726511393}, 'Prévision journalière': {'avg_mape': 11.23156357433368, 'max_mape': 20.56745287296686}, 'Prévision hebdomadaire': {'avg_mape': 57.91942949041713, 'max_mape': 100.0}}"
16,21,l2,,0.01,"{'Prévision globale': {'avg_mape': 6.972780172758645, 'max_mape': 1418.7772623697917}}","{'Prévision globale': {'avg_mape': 9.571185600720408, 'max_mape': 29.944552413070202}, 'Prévision journalière': {'avg_mape': 14.249536220474642, 'max_mape': 35.8472122920463}, 'Prévision hebdomadaire': {'avg_mape': 60.256197155306026, 'max_mape': 100.0}}"
16,21,l2,,0.001,"{'Prévision globale': {'avg_mape': 8.461569741292202, 'max_mape': 2505.037434895833}}","{'Prévision globale': {'avg_mape': 10.537400499684193, 'max_mape': 27.300566360802563}, 'Prévision journalière': {'avg_mape': 13.063134502045926, 'max_mape': 34.15217893873205}, 'Prévision hebdomadaire': {'avg_mape': 55.56659344285762, 'max_mape': 100.0}}"
16,21,l2,,0.0001,"{'Prévision globale': {'avg_mape': 6.311926937961282, 'max_mape': 1174.0520562065972}}","{'Prévision globale': {'avg_mape': 15.653089520921133, 'max_mape': 25.812174149625427}, 'Prévision journalière': {'avg_mape': 15.29342171208786, 'max_mape': 38.46550309610583}, 'Prévision hebdomadaire': {'avg_mape': 62.515123592326844, 'max_mape': 100.0}}"
16,21,l1_l2,0.0,0.0,"{'Prévision globale': {'avg_mape': 7.403484712335351, 'max_mape': 301.63160536024304}}","{'Prévision globale': {'avg_mape': 8.493357328638055, 'max_mape': 21.590944949949513}, 'Prévision journalière': {'avg_mape': 15.692705768592788, 'max_mape': 39.93866974228947}, 'Prévision hebdomadaire': {'avg_mape': 60.42644012945463, 'max_mape': 100.0}}"
16,21,l1_l2,0.0,0.1,"{'Prévision globale': {'avg_mape': 6.956507548264208, 'max_mape': 1744.6036783854165}}","{'Prévision globale': {'avg_mape': 9.816394301283001, 'max_mape': 18.066469071646832}, 'Prévision journalière': {'avg_mape': 11.618239807544608, 'max_mape': 29.776047730225418}, 'Prévision hebdomadaire': {'avg_mape': 55.707682259950175, 'max_mape': 100.0}}"
16,21,l1_l2,0.0,0.01,"{'Prévision globale': {'avg_mape': 5.071714365992293, 'max_mape': 737.8827582465278}}","{'Prévision globale': {'avg_mape': 9.564151721696213, 'max_mape': 28.28333715206129}, 'Prévision journalière': {'avg_mape': 11.772543776074167, 'max_mape': 24.856479880771595}, 'Prévision hebdomadaire': {'avg_mape': 54.42892247421007, 'max_mape': 100.0}}"
16,21,l1_l2,0.0,0.001,"{'Prévision globale': {'avg_mape': 5.808846654199298, 'max_mape': 1313.6418999565972}}","{'Prévision globale': {'avg_mape': 13.229524583615932, 'max_mape': 24.80358828177639}, 'Prévision journalière': {'avg_mape': 14.030929172173913, 'max_mape': 44.15441300533172}, 'Prévision hebdomadaire': {'avg_mape': 62.503823564683195, 'max_mape': 100.0}}"
16,21,l1_l2,0.0,0.0001,"{'Prévision globale': {'avg_mape': 6.0751880256440245, 'max_mape': 296.4408196343316}}","{'Prévision globale': {'avg_mape': 16.627314254060856, 'max_mape': 30.636288114106335}, 'Prévision journalière': {'avg_mape': 16.19219019145495, 'max_mape': 47.87457436453904}, 'Prévision hebdomadaire': {'avg_mape': 60.21662531266507, 'max_mape': 100.0}}"
16,21,l1_l2,0.1,0.0,"{'Prévision globale': {'avg_mape': 7.353285861193067, 'max_mape': 846.4121500651041}}","{'Prévision globale': {'avg_mape': 10.989759481349125, 'max_mape': 28.18631189662653}, 'Prévision journalière': {'avg_mape': 15.293726844892959, 'max_mape': 25.5722031174614}, 'Prévision hebdomadaire': {'avg_mape': 57.13275318341537, 'max_mape': 100.0}}"
16,21,l1_l2,0.1,0.1,"{'Prévision globale': {'avg_mape': 10.60430820249984, 'max_mape': 546.6739230685764}}","{'Prévision globale': {'avg_mape': 13.744694445997178, 'max_mape': 45.81062104864556}, 'Prévision journalière': {'avg_mape': 11.984225271878545, 'max_mape': 32.94272810580752}, 'Prévision hebdomadaire': {'avg_mape': 57.51416483976387, 'max_mape': 100.0}}"
16,21,l1_l2,0.1,0.01,"{'Prévision globale': {'avg_mape': 8.645145899574558, 'max_mape': 975.9886338975693}}","{'Prévision globale': {'avg_mape': 10.335836271019714, 'max_mape': 21.20312556495643}, 'Prévision journalière': {'avg_mape': 10.278249414155377, 'max_mape': 24.838360023537152}, 'Prévision hebdomadaire': {'avg_mape': 55.256562725150516, 'max_mape': 100.0}}"
16,21,l1_l2,0.1,0.001,"{'Prévision globale': {'avg_mape': 9.292905571776489, 'max_mape': 2199.870334201389}}","{'Prévision globale': {'avg_mape': 9.183056830983324, 'max_mape': 16.964688245742487}, 'Prévision journalière': {'avg_mape': 19.0709211808792, 'max_mape': 32.925618401308895}, 'Prévision hebdomadaire': {'avg_mape': 61.55531687375198, 'max_mape': 100.0}}"
16,21,l1_l2,0.1,0.0001,"{'Prévision globale': {'avg_mape': 9.569708506837053, 'max_mape': 2007.0315212673613}}","{'Prévision globale': {'avg_mape': 7.422931590139477, 'max_mape': 17.22981823184706}, 'Prévision journalière': {'avg_mape': 13.368696236150203, 'max_mape': 23.585398106904233}, 'Prévision hebdomadaire': {'avg_mape': 57.92206894056162, 'max_mape': 100.0}}"
16,21,l1_l2,0.01,0.0,"{'Prévision globale': {'avg_mape': 6.418969716146689, 'max_mape': 1009.1771782769097}}","{'Prévision globale': {'avg_mape': 8.218543760713521, 'max_mape': 23.683800119109844}, 'Prévision journalière': {'avg_mape': 13.20170729340409, 'max_mape': 27.775264476614698}, 'Prévision hebdomadaire': {'avg_mape': 57.91762370823416, 'max_mape': 100.0}}"
16,21,l1_l2,0.01,0.1,"{'Prévision globale': {'avg_mape': 6.130398536639801, 'max_mape': 353.37232801649304}}","{'Prévision globale': {'avg_mape': 11.648429759743612, 'max_mape': 25.00282974601572}, 'Prévision journalière': {'avg_mape': 9.704797423677732, 'max_mape': 24.60297962377523}, 'Prévision hebdomadaire': {'avg_mape': 55.17558964679049, 'max_mape': 100.0}}"
16,21,l1_l2,0.01,0.01,"{'Prévision globale': {'avg_mape': 4.830625641143368, 'max_mape': 169.49077436495102}}","{'Prévision globale': {'avg_mape': 12.030910385206854, 'max_mape': 30.661371862176534}, 'Prévision journalière': {'avg_mape': 14.17882312868258, 'max_mape': 29.511849947315273}, 'Prévision hebdomadaire': {'avg_mape': 57.06471152909181, 'max_mape': 100.0}}"
16,21,l1_l2,0.01,0.001,"{'Prévision globale': {'avg_mape': 5.220393077357391, 'max_mape': 1015.2724880642362}}","{'Prévision globale': {'avg_mape': 8.221763753531269, 'max_mape': 18.352205479555323}, 'Prévision journalière': {'avg_mape': 15.276981178332075, 'max_mape': 44.85067761587197}, 'Prévision hebdomadaire': {'avg_mape': 55.9384283503368, 'max_mape': 100.0}}"
16,21,l1_l2,0.01,0.0001,"{'Prévision globale': {'avg_mape': 6.939418295441959, 'max_mape': 1174.762980143229}}","{'Prévision globale': {'avg_mape': 10.67633908816704, 'max_mape': 18.512487058740753}, 'Prévision journalière': {'avg_mape': 13.146580510068372, 'max_mape': 29.506000684727198}, 'Prévision hebdomadaire': {'avg_mape': 58.13527563014677, 'max_mape': 100.0}}"
16,21,l1_l2,0.001,0.0,"{'Prévision globale': {'avg_mape': 7.432730362397501, 'max_mape': 1315.809597439236}}","{'Prévision globale': {'avg_mape': 9.615320396874676, 'max_mape': 27.32039173288844}, 'Prévision journalière': {'avg_mape': 12.493553102417948, 'max_mape': 28.874367262903906}, 'Prévision hebdomadaire': {'avg_mape': 55.81315524077544, 'max_mape': 100.0}}"
16,21,l1_l2,0.001,0.1,"{'Prévision globale': {'avg_mape': 5.058796492276278, 'max_mape': 348.3474392361111}}","{'Prévision globale': {'avg_mape': 10.610806990353305, 'max_mape': 20.352167894147605}, 'Prévision journalière': {'avg_mape': 13.941169039184663, 'max_mape': 27.340756767649278}, 'Prévision hebdomadaire': {'avg_mape': 56.82061543448059, 'max_mape': 100.0}}"
16,21,l1_l2,0.001,0.01,"{'Prévision globale': {'avg_mape': 7.49393987364289, 'max_mape': 1712.392849392361}}","{'Prévision globale': {'avg_mape': 10.843449431202142, 'max_mape': 35.35630813401671}, 'Prévision journalière': {'avg_mape': 18.477960054454446, 'max_mape': 44.01344942713131}, 'Prévision hebdomadaire': {'avg_mape': 57.60200440844731, 'max_mape': 100.0}}"
16,21,l1_l2,0.001,0.001,"{'Prévision globale': {'avg_mape': 6.036175455424802, 'max_mape': 573.7555948893229}}","{'Prévision globale': {'avg_mape': 15.642410262082445, 'max_mape': 43.353321058523946}, 'Prévision journalière': {'avg_mape': 19.638492251088916, 'max_mape': 38.543228692127286}, 'Prévision hebdomadaire': {'avg_mape': 56.26341798631411, 'max_mape': 100.0}}"
16,21,l1_l2,0.001,0.0001,"{'Prévision globale': {'avg_mape': 6.237819015467826, 'max_mape': 314.32054307725696}}","{'Prévision globale': {'avg_mape': 8.135494170066838, 'max_mape': 16.827537272152565}, 'Prévision journalière': {'avg_mape': 15.136095361084092, 'max_mape': 45.87845922822432}, 'Prévision hebdomadaire': {'avg_mape': 54.762042247204036, 'max_mape': 100.0}}"
16,21,l1_l2,0.0001,0.0,"{'Prévision globale': {'avg_mape': 5.009670908525034, 'max_mape': 385.4352612327873}}","{'Prévision globale': {'avg_mape': 11.578418366881195, 'max_mape': 32.071209443737104}, 'Prévision journalière': {'avg_mape': 14.792712160194293, 'max_mape': 32.53312812141459}, 'Prévision hebdomadaire': {'avg_mape': 60.467974589022376, 'max_mape': 100.0}}"
16,21,l1_l2,0.0001,0.1,"{'Prévision globale': {'avg_mape': 10.204591392818037, 'max_mape': 1307.1067979600696}}","{'Prévision globale': {'avg_mape': 11.687475213078143, 'max_mape': 29.199554882061147}, 'Prévision journalière': {'avg_mape': 13.466409687155089, 'max_mape': 30.113834088378216}, 'Prévision hebdomadaire': {'avg_mape': 58.91584724450822, 'max_mape': 100.0}}"
16,21,l1_l2,0.0001,0.01,"{'Prévision globale': {'avg_mape': 9.389271439178962, 'max_mape': 2756.806640625}}","{'Prévision globale': {'avg_mape': 8.44944724462429, 'max_mape': 26.645908907560255}, 'Prévision journalière': {'avg_mape': 13.578652519214947, 'max_mape': 36.49823338124164}, 'Prévision hebdomadaire': {'avg_mape': 60.01906204079354, 'max_mape': 100.0}}"
16,21,l1_l2,0.0001,0.001,"{'Prévision globale': {'avg_mape': 8.691984945168974, 'max_mape': 1653.9109971788193}}","{'Prévision globale': {'avg_mape': 9.516380431757185, 'max_mape': 26.76660186262458}, 'Prévision journalière': {'avg_mape': 12.714504323304896, 'max_mape': 26.147136970296852}, 'Prévision hebdomadaire': {'avg_mape': 57.81990418406413, 'max_mape': 100.0}}"
16,21,l1_l2,0.0001,0.0001,"{'Prévision globale': {'avg_mape': 7.291516057475556, 'max_mape': 1003.8663736979167}}","{'Prévision globale': {'avg_mape': 7.520418406336813, 'max_mape': 18.468087216757052}, 'Prévision journalière': {'avg_mape': 15.87637934074012, 'max_mape': 37.1039231704451}, 'Prévision hebdomadaire': {'avg_mape': 55.54646396512045, 'max_mape': 100.0}}"
64,7,l1,0.0,,"{'Prévision globale': {'avg_mape': 5.11228900616356, 'max_mape': 727.7145046657986}}","{'Prévision globale': {'avg_mape': 8.341919042322553, 'max_mape': 18.40421408633397}, 'Prévision journalière': {'avg_mape': 10.66979179210774, 'max_mape': 25.187533057508045}, 'Prévision hebdomadaire': {'avg_mape': 56.6918394435735, 'max_mape': 100.0}}"
64,7,l1,0.1,,"{'Prévision globale': {'avg_mape': 11.300975445514785, 'max_mape': 1024.2298041449653}}","{'Prévision globale': {'avg_mape': 7.364723778250091, 'max_mape': 16.630474145333913}, 'Prévision journalière': {'avg_mape': 14.280378600225413, 'max_mape': 35.55519921163191}, 'Prévision hebdomadaire': {'avg_mape': 57.6382223227872, 'max_mape': 100.0}}"
64,7,l1,0.01,,"{'Prévision globale': {'avg_mape': 8.291890910281708, 'max_mape': 1027.8422715928818}}","{'Prévision globale': {'avg_mape': 9.669612158773145, 'max_mape': 23.45894197803608}, 'Prévision journalière': {'avg_mape': 12.96014538555993, 'max_mape': 33.14523119558615}, 'Prévision hebdomadaire': {'avg_mape': 57.96356645553228, 'max_mape': 100.0}}"
64,7,l1,0.001,,"{'Prévision globale': {'avg_mape': 4.203246279690805, 'max_mape': 458.88214111328125}}","{'Prévision globale': {'avg_mape': 8.500481920070047, 'max_mape': 14.893236996736581}, 'Prévision journalière': {'avg_mape': 12.792819203151126, 'max_mape': 34.86097446134508}, 'Prévision hebdomadaire': {'avg_mape': 58.46109292193637, 'max_mape': 100.0}}"
64,7,l1,0.0001,,"{'Prévision globale': {'avg_mape': 5.913753970432255, 'max_mape': 682.296888563368}}","{'Prévision globale': {'avg_mape': 7.296306272875879, 'max_mape': 19.91314064986182}, 'Prévision journalière': {'avg_mape': 11.74673434719853, 'max_mape': 22.763462945856112}, 'Prévision hebdomadaire': {'avg_mape': 54.962129945727256, 'max_mape': 100.0}}"
64,7,l2,,0.0,"{'Prévision globale': {'avg_mape': 5.74884861250762, 'max_mape': 345.106438530816}}","{'Prévision globale': {'avg_mape': 9.114798779219717, 'max_mape': 24.12451701837049}, 'Prévision journalière': {'avg_mape': 14.5450779210011, 'max_mape': 35.418433007693864}, 'Prévision hebdomadaire': {'avg_mape': 58.358241363216464, 'max_mape': 100.0}}"
64,7,l2,,0.1,"{'Prévision globale': {'avg_mape': 6.669320374587324, 'max_mape': 133.69592122073695}}","{'Prévision globale': {'avg_mape': 9.57575045458191, 'max_mape': 22.578889864146376}, 'Prévision journalière': {'avg_mape': 9.856666698106354, 'max_mape': 28.327186730191674}, 'Prévision hebdomadaire': {'avg_mape': 54.95414016981367, 'max_mape': 100.0}}"
64,7,l2,,0.01,"{'Prévision globale': {'avg_mape': 4.558089167979189, 'max_mape': 195.11103677486187}}","{'Prévision globale': {'avg_mape': 8.037931273758442, 'max_mape': 21.383524654407452}, 'Prévision journalière': {'avg_mape': 15.764105658369086, 'max_mape': 35.409937434619025}, 'Prévision hebdomadaire': {'avg_mape': 59.800038447516656, 'max_mape': 100.0}}"
64,7,l2,,0.001,"{'Prévision globale': {'avg_mape': 4.75065076450567, 'max_mape': 1207.5788031684028}}","{'Prévision globale': {'avg_mape': 6.779427771719535, 'max_mape': 18.343389889917166}, 'Prévision journalière': {'avg_mape': 12.456241743316488, 'max_mape': 20.52213436213471}, 'Prévision hebdomadaire': {'avg_mape': 56.23695337630678, 'max_mape': 100.0}}"
64,7,l2,,0.0001,"{'Prévision globale': {'avg_mape': 7.82889450255551, 'max_mape': 1740.8238389756946}}","{'Prévision globale': {'avg_mape': 7.456481524539879, 'max_mape': 17.653953552885017}, 'Prévision journalière': {'avg_mape': 13.975776738529742, 'max_mape': 31.6577347809948}, 'Prévision hebdomadaire': {'avg_mape': 56.50617550136133, 'max_mape': 100.0}}"
64,7,l1_l2,0.0,0.0,"{'Prévision globale': {'avg_mape': 6.539933327464321, 'max_mape': 657.9982503255209}}","{'Prévision globale': {'avg_mape': 5.279218074652931, 'max_mape': 18.931294518566727}, 'Prévision journalière': {'avg_mape': 13.449654044203802, 'max_mape': 29.32956338717444}, 'Prévision hebdomadaire': {'avg_mape': 55.74992218247176, 'max_mape': 100.0}}"
64,7,l1_l2,0.0,0.1,"{'Prévision globale': {'avg_mape': 9.461188303672145, 'max_mape': 2096.531304253472}}","{'Prévision globale': {'avg_mape': 7.162741371713158, 'max_mape': 10.358481282974626}, 'Prévision journalière': {'avg_mape': 11.347875064206843, 'max_mape': 26.95703732328163}, 'Prévision hebdomadaire': {'avg_mape': 55.88894901033935, 'max_mape': 100.0}}"
64,7,l1_l2,0.0,0.01,"{'Prévision globale': {'avg_mape': 6.1323897052181255, 'max_mape': 1532.703857421875}}","{'Prévision globale': {'avg_mape': 9.943672962173782, 'max_mape': 21.273851156864183}, 'Prévision journalière': {'avg_mape': 15.035670962594063, 'max_mape': 34.63964797614227}, 'Prévision hebdomadaire': {'avg_mape': 59.21335940242545, 'max_mape': 100.0}}"
64,7,l1_l2,0.0,0.001,"{'Prévision globale': {'avg_mape': 5.175824210424498, 'max_mape': 525.0963677300347}}","{'Prévision globale': {'avg_mape': 9.759060902028944, 'max_mape': 19.863466078008543}, 'Prévision journalière': {'avg_mape': 13.791181590956455, 'max_mape': 26.071318787119523}, 'Prévision hebdomadaire': {'avg_mape': 56.84146509474601, 'max_mape': 100.0}}"
64,7,l1_l2,0.0,0.0001,"{'Prévision globale': {'avg_mape': 7.947125480244914, 'max_mape': 439.9943372938368}}","{'Prévision globale': {'avg_mape': 8.91801081402827, 'max_mape': 15.552581769219495}, 'Prévision journalière': {'avg_mape': 16.9055643247691, 'max_mape': 27.620249829079306}, 'Prévision hebdomadaire': {'avg_mape': 56.84660464398286, 'max_mape': 100.0}}"
64,7,l1_l2,0.1,0.0,"{'Prévision globale': {'avg_mape': 14.024780996256935, 'max_mape': 1018.0772569444445}}","{'Prévision globale': {'avg_mape': 16.002977924845176, 'max_mape': 28.941959171501242}, 'Prévision journalière': {'avg_mape': 12.892281445519165, 'max_mape': 32.61700954773234}, 'Prévision hebdomadaire': {'avg_mape': 57.2511018728449, 'max_mape': 100.0}}"
64,7,l1_l2,0.1,0.1,"{'Prévision globale': {'avg_mape': 12.41660433511762, 'max_mape': 869.4397650824653}}","{'Prévision globale': {'avg_mape': 11.068157083528773, 'max_mape': 23.245774973334058}, 'Prévision journalière': {'avg_mape': 13.276024968587075, 'max_mape': 34.96992736920129}, 'Prévision hebdomadaire': {'avg_mape': 57.491207633355124, 'max_mape': 100.0}}"
64,7,l1_l2,0.1,0.01,"{'Prévision globale': {'avg_mape': 12.198314429120693, 'max_mape': 399.77718777126734}}","{'Prévision globale': {'avg_mape': 7.738262301857125, 'max_mape': 23.438114390118233}, 'Prévision journalière': {'avg_mape': 13.963579654426297, 'max_mape': 29.758812723560773}, 'Prévision hebdomadaire': {'avg_mape': 55.078781394868884, 'max_mape': 100.0}}"
64,7,l1_l2,0.1,0.001,"{'Prévision globale': {'avg_mape': 9.588713898252063, 'max_mape': 125.2450077443062}}","{'Prévision globale': {'avg_mape': 12.454847781526931, 'max_mape': 22.638059410750955}, 'Prévision journalière': {'avg_mape': 15.414169965975187, 'max_mape': 34.422152676085624}, 'Prévision hebdomadaire': {'avg_mape': 56.9026833585174, 'max_mape': 100.0}}"
64,7,l1_l2,0.1,0.0001,"{'Prévision globale': {'avg_mape': 12.609006696332061, 'max_mape': 2248.3238389756943}}","{'Prévision globale': {'avg_mape': 6.287300893151618, 'max_mape': 15.77185336216871}, 'Prévision journalière': {'avg_mape': 11.58696363150476, 'max_mape': 31.69298939915754}, 'Prévision hebdomadaire': {'avg_mape': 55.985744364766866, 'max_mape': 100.0}}"
64,7,l1_l2,0.01,0.0,"{'Prévision globale': {'avg_mape': 5.470324037769432, 'max_mape': 241.70789003145777}}","{'Prévision globale': {'avg_mape': 8.00027014470709, 'max_mape': 16.105489375550015}, 'Prévision journalière': {'avg_mape': 15.42681926078571, 'max_mape': 33.179706707972954}, 'Prévision hebdomadaire': {'avg_mape': 55.583045509497495, 'max_mape': 100.0}}"
64,7,l1,0.0,,"{'Prévision globale': {'avg_mape': 5.8849743321338215, 'max_mape': 589.4879150390625}}","{'Prévision globale': {'avg_mape': 9.174117084383512, 'max_mape': 16.08588439409553}, 'Prévision journalière': {'avg_mape': 10.900364870175085, 'max_mape': 34.00155068924209}, 'Prévision hebdomadaire': {'avg_mape': 55.791566038412796, 'max_mape': 100.0}}"
64,7,l1,0.1,,"{'Prévision globale': {'avg_mape': 12.86792726341433, 'max_mape': 348.07015313042535}}","{'Prévision globale': {'avg_mape': 8.066448610698574, 'max_mape': 15.542883582818092}, 'Prévision journalière': {'avg_mape': 10.65480538499624, 'max_mape': 30.146082993774044}, 'Prévision hebdomadaire': {'avg_mape': 56.40312585525943, 'max_mape': 100.0}}"
64,7,l1,0.01,,"{'Prévision globale': {'avg_mape': 7.634237098973938, 'max_mape': 1305.8232964409722}}","{'Prévision globale': {'avg_mape': 7.5041541535803855, 'max_mape': 15.22553036310135}, 'Prévision journalière': {'avg_mape': 14.012304437760198, 'max_mape': 34.1031814577205}, 'Prévision hebdomadaire': {'avg_mape': 58.36041590920223, 'max_mape': 100.0}}"
64,7,l1,0.001,,"{'Prévision globale': {'avg_mape': 4.95742336403471, 'max_mape': 263.0023083229463}}","{'Prévision globale': {'avg_mape': 7.765631266086752, 'max_mape': 18.981133149443092}, 'Prévision journalière': {'avg_mape': 10.42068794739556, 'max_mape': 31.909919507575758}, 'Prévision hebdomadaire': {'avg_mape': 59.364144489769444, 'max_mape': 100.0}}"
64,7,l1,0.0001,,"{'Prévision globale': {'avg_mape': 6.597080927931458, 'max_mape': 471.11463758680554}}","{'Prévision globale': {'avg_mape': 6.77809257751904, 'max_mape': 19.818625501888384}, 'Prévision journalière': {'avg_mape': 13.098034222625623, 'max_mape': 24.55485522676384}, 'Prévision hebdomadaire': {'avg_mape': 56.960623847930435, 'max_mape': 100.0}}"
64,7,l2,,0.0,"{'Prévision globale': {'avg_mape': 4.7037949102246275, 'max_mape': 1438.100314670139}}","{'Prévision globale': {'avg_mape': 8.733637236255028, 'max_mape': 27.05221244033163}, 'Prévision journalière': {'avg_mape': 12.924361462306617, 'max_mape': 38.14938077883512}, 'Prévision hebdomadaire': {'avg_mape': 61.83106418314693, 'max_mape': 100.0}}"
64,7,l2,,0.1,"{'Prévision globale': {'avg_mape': 8.02575307476531, 'max_mape': 2128.438178168403}}","{'Prévision globale': {'avg_mape': 9.645100348673553, 'max_mape': 24.831486391720446}, 'Prévision journalière': {'avg_mape': 15.095104726649215, 'max_mape': 47.983253768897214}, 'Prévision hebdomadaire': {'avg_mape': 60.75576859618259, 'max_mape': 100.0}}"
64,7,l2,,0.01,"{'Prévision globale': {'avg_mape': 5.83947104159769, 'max_mape': 1132.3682318793403}}","{'Prévision globale': {'avg_mape': 12.11450579438325, 'max_mape': 25.26487538633091}, 'Prévision journalière': {'avg_mape': 12.980011671197875, 'max_mape': 30.575409316578927}, 'Prévision hebdomadaire': {'avg_mape': 60.1452770446232, 'max_mape': 100.0}}"
64,7,l2,,0.001,"{'Prévision globale': {'avg_mape': 6.874704151607155, 'max_mape': 362.6723395453559}}","{'Prévision globale': {'avg_mape': 9.436369164337787, 'max_mape': 18.72792063517527}, 'Prévision journalière': {'avg_mape': 10.430057152473935, 'max_mape': 30.44584688406897}, 'Prévision hebdomadaire': {'avg_mape': 58.36015122721392, 'max_mape': 100.0}}"
64,7,l2,,0.0001,"{'Prévision globale': {'avg_mape': 6.262340427558482, 'max_mape': 622.3107697654739}}","{'Prévision globale': {'avg_mape': 14.914768699809787, 'max_mape': 27.369016298767967}, 'Prévision journalière': {'avg_mape': 16.23895732265038, 'max_mape': 28.966562637089154}, 'Prévision hebdomadaire': {'avg_mape': 59.69366272854971, 'max_mape': 100.0}}"
64,7,l1_l2,0.0,0.0,"{'Prévision globale': {'avg_mape': 6.302385221431912, 'max_mape': 556.0510932074653}}","{'Prévision globale': {'avg_mape': 6.915761934454802, 'max_mape': 25.310271294734527}, 'Prévision journalière': {'avg_mape': 12.887122367528487, 'max_mape': 25.244447977864038}, 'Prévision hebdomadaire': {'avg_mape': 57.16079317249957, 'max_mape': 100.0}}"
64,7,l1_l2,0.0,0.1,"{'Prévision globale': {'avg_mape': 7.732748010999726, 'max_mape': 341.28892686631946}}","{'Prévision globale': {'avg_mape': 8.113785753251472, 'max_mape': 14.232075329435784}, 'Prévision journalière': {'avg_mape': 12.423317454984373, 'max_mape': 36.12402033981238}, 'Prévision hebdomadaire': {'avg_mape': 58.0074603546298, 'max_mape': 100.0}}"
64,7,l1_l2,0.0,0.01,"{'Prévision globale': {'avg_mape': 6.433385358235695, 'max_mape': 847.6613362630209}}","{'Prévision globale': {'avg_mape': 7.623007818756138, 'max_mape': 15.325385239439719}, 'Prévision journalière': {'avg_mape': 12.153433341216742, 'max_mape': 32.79917335239927}, 'Prévision hebdomadaire': {'avg_mape': 55.8441036587991, 'max_mape': 100.0}}"
64,7,l1_l2,0.0,0.001,"{'Prévision globale': {'avg_mape': 7.0386130507289835, 'max_mape': 667.3404269748264}}","{'Prévision globale': {'avg_mape': 8.573675120950458, 'max_mape': 16.11491410604283}, 'Prévision journalière': {'avg_mape': 14.195901997749946, 'max_mape': 29.583602238982248}, 'Prévision hebdomadaire': {'avg_mape': 57.23263307894248, 'max_mape': 100.0}}"
64,7,l1_l2,0.0,0.0001,"{'Prévision globale': {'avg_mape': 7.751833093697823, 'max_mape': 1717.7266438802083}}","{'Prévision globale': {'avg_mape': 13.30069121478609, 'max_mape': 29.907502577778246}, 'Prévision journalière': {'avg_mape': 12.913607306015985, 'max_mape': 29.962748537450057}, 'Prévision hebdomadaire': {'avg_mape': 57.15138785124638, 'max_mape': 100.0}}"
64,7,l1_l2,0.1,0.0,"{'Prévision globale': {'avg_mape': 10.616313253778632, 'max_mape': 611.9115532769097}}","{'Prévision globale': {'avg_mape': 8.79693747768986, 'max_mape': 23.909337486893012}, 'Prévision journalière': {'avg_mape': 9.749796807987678, 'max_mape': 28.860621720405614}, 'Prévision hebdomadaire': {'avg_mape': 54.71689041663659, 'max_mape': 100.0}}"
64,7,l1_l2,0.1,0.1,"{'Prévision globale': {'avg_mape': 12.455234444021626, 'max_mape': 659.2782253689236}}","{'Prévision globale': {'avg_mape': 12.474919223138684, 'max_mape': 25.057625555917127}, 'Prévision journalière': {'avg_mape': 12.162682939465338, 'max_mape': 33.476560046530864}, 'Prévision hebdomadaire': {'avg_mape': 54.979931504323986, 'max_mape': 100.0}}"
64,7,l1_l2,0.1,0.01,"{'Prévision globale': {'avg_mape': 13.774619443035087, 'max_mape': 1693.8427734375}}","{'Prévision globale': {'avg_mape': 8.774420280941495, 'max_mape': 17.55859869336877}, 'Prévision journalière': {'avg_mape': 12.229931209334477, 'max_mape': 37.31181891696676}, 'Prévision hebdomadaire': {'avg_mape': 57.56178380862349, 'max_mape': 100.0}}"
64,7,l1_l2,0.1,0.001,"{'Prévision globale': {'avg_mape': 10.288748924609816, 'max_mape': 568.1836615668403}}","{'Prévision globale': {'avg_mape': 10.364745084632386, 'max_mape': 19.847943389105833}, 'Prévision journalière': {'avg_mape': 12.030636399609623, 'max_mape': 36.85485053064048}, 'Prévision hebdomadaire': {'avg_mape': 57.36162208850135, 'max_mape': 100.0}}"
64,7,l1_l2,0.1,0.0001,"{'Prévision globale': {'avg_mape': 12.67865669939203, 'max_mape': 1014.3886990017361}}","{'Prévision globale': {'avg_mape': 8.248775217361436, 'max_mape': 13.73417557038001}, 'Prévision journalière': {'avg_mape': 9.458295154016298, 'max_mape': 26.953555779278304}, 'Prévision hebdomadaire': {'avg_mape': 55.72710920399868, 'max_mape': 100.0}}"
64,7,l1_l2,0.01,0.0,"{'Prévision globale': {'avg_mape': 6.6363057904212335, 'max_mape': 1330.2684190538193}}","{'Prévision globale': {'avg_mape': 7.750051827375268, 'max_mape': 26.650258850652687}, 'Prévision journalière': {'avg_mape': 15.2647504159219, 'max_mape': 33.75230547048998}, 'Prévision hebdomadaire': {'avg_mape': 58.998228624921, 'max_mape': 100.0}}"
64,7,l1_l2,0.01,0.1,"{'Prévision globale': {'avg_mape': 6.73171383457969, 'max_mape': 960.1566569010417}}","{'Prévision globale': {'avg_mape': 6.20601639877744, 'max_mape': 12.408284947088898}, 'Prévision journalière': {'avg_mape': 12.696697636086068, 'max_mape': 38.31778294146926}, 'Prévision hebdomadaire': {'avg_mape': 55.448642707869396, 'max_mape': 100.0}}"
64,7,l1_l2,0.01,0.01,"{'Prévision globale': {'avg_mape': 5.976427517274635, 'max_mape': 671.675550672743}}","{'Prévision globale': {'avg_mape': 7.73873008709509, 'max_mape': 20.407398556423328}, 'Prévision journalière': {'avg_mape': 12.869178518954211, 'max_mape': 32.346759370570965}, 'Prévision hebdomadaire': {'avg_mape': 58.64956619995272, 'max_mape': 100.0}}"
64,7,l1_l2,0.01,0.001,"{'Prévision globale': {'avg_mape': 7.697023604236846, 'max_mape': 1183.516845703125}}","{'Prévision globale': {'avg_mape': 5.8565891030280275, 'max_mape': 16.50268160796788}, 'Prévision journalière': {'avg_mape': 13.85064009365144, 'max_mape': 23.143720578558412}, 'Prévision hebdomadaire': {'avg_mape': 57.01969219678442, 'max_mape': 100.0}}"
64,7,l1_l2,0.01,0.0001,"{'Prévision globale': {'avg_mape': 6.002859648798528, 'max_mape': 241.48515779626422}}","{'Prévision globale': {'avg_mape': 6.25755098129254, 'max_mape': 14.622814878027029}, 'Prévision journalière': {'avg_mape': 14.789861780346893, 'max_mape': 34.77377785018897}, 'Prévision hebdomadaire': {'avg_mape': 59.156415182797126, 'max_mape': 100.0}}"
64,7,l1_l2,0.001,0.0,"{'Prévision globale': {'avg_mape': 7.869333667231294, 'max_mape': 365.33315022786456}}","{'Prévision globale': {'avg_mape': 12.911576965893712, 'max_mape': 24.666818890796417}, 'Prévision journalière': {'avg_mape': 15.654303631232205, 'max_mape': 26.381687314402374}, 'Prévision hebdomadaire': {'avg_mape': 58.13592765508122, 'max_mape': 100.0}}"
64,7,l1_l2,0.001,0.1,"{'Prévision globale': {'avg_mape': 8.768300661633024, 'max_mape': 848.836719505561}}","{'Prévision globale': {'avg_mape': 10.75913082724888, 'max_mape': 21.342327315028054}, 'Prévision journalière': {'avg_mape': 15.271370152750231, 'max_mape': 35.484380799925766}, 'Prévision hebdomadaire': {'avg_mape': 57.304147229278065, 'max_mape': 100.0}}"
64,7,l1_l2,0.001,0.01,"{'Prévision globale': {'avg_mape': 8.867524087646245, 'max_mape': 1788.7415907118054}}","{'Prévision globale': {'avg_mape': 7.5726581885852555, 'max_mape': 19.27265435265053}, 'Prévision journalière': {'avg_mape': 11.22808681589764, 'max_mape': 33.19916391433826}, 'Prévision hebdomadaire': {'avg_mape': 55.218532293933, 'max_mape': 100.0}}"
64,7,l1_l2,0.001,0.001,"{'Prévision globale': {'avg_mape': 4.339131032424021, 'max_mape': 202.24055820041232}}","{'Prévision globale': {'avg_mape': 8.263411302172667, 'max_mape': 17.32821208565562}, 'Prévision journalière': {'avg_mape': 16.396916286006665, 'max_mape': 32.70734492305834}, 'Prévision hebdomadaire': {'avg_mape': 56.848912533043816, 'max_mape': 100.0}}"
64,7,l1_l2,0.001,0.0001,"{'Prévision globale': {'avg_mape': 4.762375409392502, 'max_mape': 287.168346669486}}","{'Prévision globale': {'avg_mape': 10.62429753668447, 'max_mape': 31.280795092035792}, 'Prévision journalière': {'avg_mape': 12.317184944258234, 'max_mape': 30.589502375076833}, 'Prévision hebdomadaire': {'avg_mape': 57.71030900294626, 'max_mape': 100.0}}"
64,7,l1_l2,0.0001,0.0,"{'Prévision globale': {'avg_mape': 9.480041249967146, 'max_mape': 1626.9124348958333}}","{'Prévision globale': {'avg_mape': 11.867863709672699, 'max_mape': 20.54877713405691}, 'Prévision journalière': {'avg_mape': 9.827828636437708, 'max_mape': 28.9011355200108}, 'Prévision hebdomadaire': {'avg_mape': 56.053413336064935, 'max_mape': 100.0}}"
64,7,l1_l2,0.0001,0.1,"{'Prévision globale': {'avg_mape': 6.231919329407563, 'max_mape': 1144.818115234375}}","{'Prévision globale': {'avg_mape': 10.306072156268685, 'max_mape': 23.486218187118045}, 'Prévision journalière': {'avg_mape': 12.882943270606336, 'max_mape': 29.183156910137004}, 'Prévision hebdomadaire': {'avg_mape': 56.614474928155495, 'max_mape': 100.0}}"
64,7,l1_l2,0.0001,0.01,"{'Prévision globale': {'avg_mape': 4.620391830498808, 'max_mape': 1022.5032552083333}}","{'Prévision globale': {'avg_mape': 8.035651980674535, 'max_mape': 27.143080586315637}, 'Prévision journalière': {'avg_mape': 13.529954842856645, 'max_mape': 30.16774909515317}, 'Prévision hebdomadaire': {'avg_mape': 59.036821199520304, 'max_mape': 100.0}}"
64,7,l1_l2,0.0001,0.001,"{'Prévision globale': {'avg_mape': 6.656941172885322, 'max_mape': 1328.6751302083333}}","{'Prévision globale': {'avg_mape': 11.700632283066472, 'max_mape': 25.69008220427545}, 'Prévision journalière': {'avg_mape': 13.190832124261183, 'max_mape': 30.378851150705273}, 'Prévision hebdomadaire': {'avg_mape': 58.493194529250445, 'max_mape': 100.0}}"
64,7,l1_l2,0.0001,0.0001,"{'Prévision globale': {'avg_mape': 5.670430372947943, 'max_mape': 978.064710828993}}","{'Prévision globale': {'avg_mape': 9.021960468186494, 'max_mape': 23.101243876141027}, 'Prévision journalière': {'avg_mape': 11.440502221298892, 'max_mape': 42.54393839213403}, 'Prévision hebdomadaire': {'avg_mape': 57.136835679653565, 'max_mape': 100.0}}"
64,14,l1,0.0,,"{'Prévision globale': {'avg_mape': 5.9461731307520385, 'max_mape': 468.3084784613715}}","{'Prévision globale': {'avg_mape': 10.95920777600514, 'max_mape': 28.751540067831584}, 'Prévision journalière': {'avg_mape': 9.537346232820695, 'max_mape': 33.41291095110346}, 'Prévision hebdomadaire': {'avg_mape': 56.89644246256593, 'max_mape': 100.0}}"
64,14,l1,0.1,,"{'Prévision globale': {'avg_mape': 17.049025711379347, 'max_mape': 828.3313666449652}}","{'Prévision globale': {'avg_mape': 14.981448967729744, 'max_mape': 25.348613427432475}, 'Prévision journalière': {'avg_mape': 14.872372448442139, 'max_mape': 44.59006374439955}, 'Prévision hebdomadaire': {'avg_mape': 56.16614890370613, 'max_mape': 100.0}}"
64,14,l1,0.01,,"{'Prévision globale': {'avg_mape': 6.237270710801204, 'max_mape': 1185.7206895616318}}","{'Prévision globale': {'avg_mape': 15.199359076840087, 'max_mape': 32.29879263147978}, 'Prévision journalière': {'avg_mape': 15.05093155029096, 'max_mape': 31.726913509651624}, 'Prévision hebdomadaire': {'avg_mape': 56.222224317466654, 'max_mape': 100.0}}"
64,14,l1,0.001,,"{'Prévision globale': {'avg_mape': 6.9130000811747845, 'max_mape': 1438.4993489583333}}","{'Prévision globale': {'avg_mape': 7.896503036854047, 'max_mape': 18.224910614325854}, 'Prévision journalière': {'avg_mape': 13.906241713704167, 'max_mape': 27.314595041050183}, 'Prévision hebdomadaire': {'avg_mape': 57.72664353343261, 'max_mape': 100.0}}"
64,14,l1,0.0001,,"{'Prévision globale': {'avg_mape': 6.855568828511762, 'max_mape': 2328.2175021701387}}","{'Prévision globale': {'avg_mape': 8.021201138701654, 'max_mape': 18.582204636255874}, 'Prévision journalière': {'avg_mape': 10.058984202795592, 'max_mape': 22.606581544847135}, 'Prévision hebdomadaire': {'avg_mape': 55.628746216917875, 'max_mape': 100.0}}"
64,14,l1,0.0,,"{'Prévision globale': {'avg_mape': 4.786144051387144, 'max_mape': 743.5608588324653}}","{'Prévision globale': {'avg_mape': 9.566789273626297, 'max_mape': 30.009264299472406}, 'Prévision journalière': {'avg_mape': 10.873089447085556, 'max_mape': 33.61335770356685}, 'Prévision hebdomadaire': {'avg_mape': 57.3208644102577, 'max_mape': 100.0}}"
64,14,l1,0.1,,"{'Prévision globale': {'avg_mape': 11.29866960069476, 'max_mape': 617.7953423394097}}","{'Prévision globale': {'avg_mape': 10.587316861232603, 'max_mape': 26.91753880010537}, 'Prévision journalière': {'avg_mape': 12.367817535282484, 'max_mape': 36.89216119881082}, 'Prévision hebdomadaire': {'avg_mape': 54.60215985847285, 'max_mape': 100.0}}"
64,14,l1,0.01,,"{'Prévision globale': {'avg_mape': 7.915856551790617, 'max_mape': 840.5050320095486}}","{'Prévision globale': {'avg_mape': 7.38618276084469, 'max_mape': 20.673927166110552}, 'Prévision journalière': {'avg_mape': 10.887387185410805, 'max_mape': 24.2299544020382}, 'Prévision hebdomadaire': {'avg_mape': 56.84667547913513, 'max_mape': 100.0}}"
64,14,l1,0.001,,"{'Prévision globale': {'avg_mape': 7.040986258493324, 'max_mape': 1939.8917643229165}}","{'Prévision globale': {'avg_mape': 8.21227813271924, 'max_mape': 18.540387722639917}, 'Prévision journalière': {'avg_mape': 16.388380457244708, 'max_mape': 31.95919910406965}, 'Prévision hebdomadaire': {'avg_mape': 60.8484469061634, 'max_mape': 100.0}}"
64,14,l1,0.0001,,"{'Prévision globale': {'avg_mape': 4.574751218612046, 'max_mape': 903.1268988715277}}","{'Prévision globale': {'avg_mape': 8.867086964785416, 'max_mape': 32.01795019372612}, 'Prévision journalière': {'avg_mape': 13.418326758972645, 'max_mape': 26.005385368583017}, 'Prévision hebdomadaire': {'avg_mape': 57.330226693101636, 'max_mape': 100.0}}"
64,14,l2,,0.0,"{'Prévision globale': {'avg_mape': 4.157529337267454, 'max_mape': 547.2503323025173}}","{'Prévision globale': {'avg_mape': 11.285674584293861, 'max_mape': 28.027202401294627}, 'Prévision journalière': {'avg_mape': 15.027429203090804, 'max_mape': 30.415741876049097}, 'Prévision hebdomadaire': {'avg_mape': 60.694261610510026, 'max_mape': 100.0}}"
64,14,l2,,0.1,"{'Prévision globale': {'avg_mape': 5.834810334058374, 'max_mape': 562.4770100911459}}","{'Prévision globale': {'avg_mape': 13.298234483336605, 'max_mape': 27.690856936273434}, 'Prévision journalière': {'avg_mape': 11.085843454943609, 'max_mape': 20.49568418421824}, 'Prévision hebdomadaire': {'avg_mape': 55.138695696699756, 'max_mape': 100.0}}"
64,14,l2,,0.01,"{'Prévision globale': {'avg_mape': 9.75701494281476, 'max_mape': 1706.7164442274304}}","{'Prévision globale': {'avg_mape': 9.03786050421633, 'max_mape': 29.04389779698099}, 'Prévision journalière': {'avg_mape': 14.399186259859643, 'max_mape': 37.87789811744955}, 'Prévision hebdomadaire': {'avg_mape': 57.65339219975864, 'max_mape': 100.0}}"
64,14,l2,,0.001,"{'Prévision globale': {'avg_mape': 4.169694888644577, 'max_mape': 397.23927481262086}}","{'Prévision globale': {'avg_mape': 11.856739662347815, 'max_mape': 24.393551497990117}, 'Prévision journalière': {'avg_mape': 11.717878949930045, 'max_mape': 28.280490736991293}, 'Prévision hebdomadaire': {'avg_mape': 59.473142346368846, 'max_mape': 100.0}}"
64,14,l2,,0.0001,"{'Prévision globale': {'avg_mape': 6.106057447572078, 'max_mape': 1851.4453125}}","{'Prévision globale': {'avg_mape': 11.002713747374935, 'max_mape': 23.077469760175028}, 'Prévision journalière': {'avg_mape': 13.847477391248535, 'max_mape': 24.422764137216312}, 'Prévision hebdomadaire': {'avg_mape': 60.39479797093087, 'max_mape': 100.0}}"
64,14,l1_l2,0.0,0.0,"{'Prévision globale': {'avg_mape': 4.793027631188872, 'max_mape': 505.2968343098958}}","{'Prévision globale': {'avg_mape': 13.966213500264828, 'max_mape': 25.151689818691903}, 'Prévision journalière': {'avg_mape': 13.047624615803773, 'max_mape': 26.94172562377605}, 'Prévision hebdomadaire': {'avg_mape': 57.495242390131615, 'max_mape': 100.0}}"
64,14,l1_l2,0.0,0.1,"{'Prévision globale': {'avg_mape': 5.70701033083874, 'max_mape': 720.3287760416667}}","{'Prévision globale': {'avg_mape': 12.524307761839266, 'max_mape': 30.40350407733858}, 'Prévision journalière': {'avg_mape': 15.286386898838241, 'max_mape': 27.506049058935684}, 'Prévision hebdomadaire': {'avg_mape': 55.408814543270935, 'max_mape': 100.0}}"
64,14,l1_l2,0.0,0.01,"{'Prévision globale': {'avg_mape': 5.6641989196095475, 'max_mape': 640.3979831271702}}","{'Prévision globale': {'avg_mape': 11.617266414488459, 'max_mape': 26.400734601373422}, 'Prévision journalière': {'avg_mape': 13.908327767514482, 'max_mape': 31.276336935614495}, 'Prévision hebdomadaire': {'avg_mape': 59.1730645600818, 'max_mape': 100.0}}"
